{"assets/icon/icon.png":["assets/icon/icon.png"],"assets/icon/logo.jpg":["assets/icon/logo.jpg"],"assets/icon/logo.png":["assets/icon/logo.png"],"assets/icon/logo3.jpg":["assets/icon/logo3.jpg"],"assets/icon/logo3.png":["assets/icon/logo3.png"],"packages/awesome_snackbar_content/assets/back.svg":["packages/awesome_snackbar_content/assets/back.svg"],"packages/awesome_snackbar_content/assets/bubbles.svg":["packages/awesome_snackbar_content/assets/bubbles.svg"],"packages/awesome_snackbar_content/assets/types/failure.svg":["packages/awesome_snackbar_content/assets/types/failure.svg"],"packages/awesome_snackbar_content/assets/types/help.svg":["packages/awesome_snackbar_content/assets/types/help.svg"],"packages/awesome_snackbar_content/assets/types/success.svg":["packages/awesome_snackbar_content/assets/types/success.svg"],"packages/awesome_snackbar_content/assets/types/warning.svg":["packages/awesome_snackbar_content/assets/types/warning.svg"],"packages/cupertino_icons/assets/CupertinoIcons.ttf":["packages/cupertino_icons/assets/CupertinoIcons.ttf"]}